experiment_name,alpha,epsilon,gamma,training_average_steps,training_average_return,training_average_reward_per_step,evaluation_average_steps,evaluation_average_return,evaluation_average_reward_per_step,evaluation_success_rate
baseline,0.1,0.1,0.9,30.9668,-21.467,0.0871999177586401,13.01,7.99,0.6963054984231454,1.0
alpha_0.01,0.01,0.1,0.9,143.5086,-175.0434,-0.8563204997424609,7901.98,-9697.39,-0.7001259393939394,0.21
alpha_0.001,0.001,0.1,0.9,503.2002,-678.1878,-1.3174620553740264,10000.0,-11800.0,-1.18,0.0
alpha_0.2,0.2,0.1,0.9,23.5498,-11.1124,0.1745147687566283,13.22,7.78,0.6454771184697655,1.0
epsilon_0.2,0.1,0.2,0.9,33.5322,-33.3636,-0.3308882719521102,13.43,7.57,0.6384862025229673,1.0
epsilon_0.3,0.1,0.3,0.9,36.7542,-47.8446,-0.7219823724576628,13.34,7.66,0.6508341046208694,1.0
